{
  "categories": [
    {
      "name": "pengiriman",
      "qa_pairs": [
        {
          "question": "Bagaimana cara pengiriman barang?",
          "answer": "Kami mengirimkan barang melalui JNE, J&T, dan SiCepat. Pengiriman biasanya memakan waktu 2-3 hari kerja.",
          "keywords": ["pengiriman", "kirim", "ongkir", "jne", "j&t", "sicepat"]
        }
      ]
    },
    {
      "name": "pembayaran",
      "qa_pairs": [
        {
          "question": "Metode pembayaran apa saja yang tersedia?",
          "answer": "Kami menerima transfer bank, e-wallet (OVO, GoPay, Dana), dan kartu kredit.",
          "keywords": ["bayar", "pembayaran", "transfer", "ewallet", "kartu kredit"]
        }
      ]
    }
  ]
}